run,seed,n_samples,mean_start_accuracy,mean_flow_accuracy,mean_random_accuracy,mean_flow_improvement,mean_random_improvement,mean_flow_advantage,flow_success_rate,random_success_rate,flow_better_rate,tie_rate,mean_flow_direction_norm,mean_random_direction_norm
1,42,3125,0.6166903250977426,0.6301862824124873,0.6115875944308952,0.013495957314744874,-0.00510273066684733,0.018598687981592206,0.50368,0.21728,0.53376,0.1696,13.653530715637206,13.653530711212158
2,43,3125,0.6166903250977426,0.6327996690832087,0.6164027304327819,0.016109343985466307,-0.00028759466496053066,0.016396938650426837,0.47488,0.2336,0.48608,0.18976,12.214700832824708,12.214700833282471
